time_s,OD_AU_per_cm
2.101063829787236500e+03,1.005591404023853386e-02
2.114361702127662284e+03,1.005591404023853386e-02
2.127659574468087158e+03,1.005591404023853386e-02
2.140957446808512941e+03,1.005591404023853386e-02
2.154255319148938725e+03,1.237609549170670675e-02
2.167553191489364508e+03,1.469627694317487965e-02
2.180851063829789382e+03,1.469627694317487965e-02
2.194148936170215165e+03,1.469627694317487965e-02
2.207446808510640949e+03,1.933663984611122544e-02
2.220744680851065823e+03,1.933663984611122544e-02
2.234042553191491606e+03,1.933663984611122544e-02
2.247340425531917390e+03,2.165682129757939833e-02
2.260638297872343173e+03,2.397700274904757123e-02
2.273936170212768047e+03,2.397700274904757123e-02
2.287234042553193831e+03,2.397700274904757123e-02
2.300531914893619614e+03,2.861736565198391702e-02
2.313829787234045398e+03,2.861736565198391702e-02
2.327127659574470272e+03,2.861736565198391702e-02
2.340425531914896055e+03,3.325772855492070690e-02
2.353723404255321839e+03,3.325772855492070690e-02
2.367021276595746713e+03,3.325772855492070690e-02
2.380319148936172496e+03,3.789809145785705269e-02
2.393617021276598280e+03,3.789809145785705269e-02
2.406914893617024063e+03,4.021827290932522558e-02
2.420212765957448937e+03,4.253845436079339848e-02
2.433510638297874721e+03,4.253845436079339848e-02
2.446808510638300504e+03,4.717881726372974427e-02
2.460106382978726288e+03,4.717881726372974427e-02
2.473404255319151162e+03,4.949899871519791716e-02
2.486702127659576945e+03,5.181918016666609006e-02
2.500000000000002728e+03,5.181918016666609006e-02
2.513297872340428512e+03,5.645954306960243585e-02
2.526595744680853386e+03,5.645954306960243585e-02
2.539893617021279169e+03,5.877972452107060874e-02
2.553191489361704953e+03,6.109990597253878164e-02
2.566489361702130736e+03,6.342008742400695454e-02
2.579787234042555610e+03,6.574026887547512743e-02
2.593085106382981394e+03,6.574026887547512743e-02
2.606382978723407177e+03,7.038063177841147322e-02
2.619680851063832051e+03,7.038063177841147322e-02
2.632978723404257835e+03,7.502099468134781901e-02
2.646276595744683618e+03,7.502099468134781901e-02
2.659574468085109402e+03,7.966135758428416480e-02
2.672872340425534276e+03,7.966135758428416480e-02
2.686170212765960059e+03,8.198153903575233770e-02
2.699468085106385843e+03,8.430172048722051059e-02
2.712765957446810717e+03,8.662190193868868349e-02
2.726063829787236500e+03,8.894208339015730047e-02
2.739361702127662284e+03,9.126226484162547337e-02
2.752659574468088067e+03,9.358244629309364626e-02
2.765957446808512941e+03,9.590262774456181916e-02
2.779255319148938725e+03,9.822280919602999205e-02
2.792553191489364508e+03,1.028631720989663378e-01
2.805851063829790291e+03,1.051833535504345107e-01
2.819148936170215165e+03,1.075035350019026836e-01
2.832446808510640949e+03,1.121438979048390294e-01
2.845744680851066732e+03,1.191044422592435481e-01
2.859042553191491606e+03,1.237448051621798939e-01
2.872340425531917390e+03,1.283851680651162397e-01
2.885638297872343173e+03,1.376658938709889313e-01
2.898936170212768957e+03,1.423062567739252771e-01
2.912234042553193831e+03,1.515869825797984127e-01
2.925531914893619614e+03,1.585475269342029314e-01
2.938829787234045398e+03,1.678282527400756230e-01
2.952127659574470272e+03,1.747887970944801417e-01
2.965425531914896055e+03,1.863897043518210062e-01
2.978723404255321839e+03,1.956704301576936977e-01
2.992021276595747622e+03,2.049511559635668334e-01
3.005319148936172496e+03,2.188722446723758708e-01
3.018617021276598280e+03,2.281529704782485624e-01
3.031914893617024063e+03,2.420740591870575997e-01
3.045212765957449847e+03,2.536749664443984642e-01
3.058510638297874721e+03,2.675960551532079457e-01
3.071808510638300504e+03,2.815171438620169830e-01
3.085106382978726288e+03,2.954382325708260204e-01
3.098404255319151162e+03,3.093593212796350578e-01
3.111702127659576945e+03,3.279207728913808850e-01
3.125000000000002728e+03,3.418418616001899224e-01
3.138297872340428512e+03,3.604033132119353056e-01
3.151595744680853386e+03,3.789647648236811328e-01
3.164893617021279169e+03,3.952060349839583431e-01
3.178191489361704953e+03,4.137674865957037262e-01
3.191489361702129827e+03,4.369693011103858993e-01
3.204787234042555610e+03,4.555307527221312824e-01
3.218085106382981394e+03,4.740922043338766656e-01
3.231382978723407177e+03,4.972940188485588386e-01
3.244680851063832051e+03,5.158554704603042218e-01
3.257978723404257835e+03,5.390572849749859508e-01
3.271276595744683618e+03,5.622590994896681238e-01
3.284574468085109402e+03,5.831407325528816799e-01
3.297872340425534276e+03,6.063425470675634088e-01
3.311170212765960059e+03,6.295443615822455818e-01
3.324468085106385843e+03,6.504259946454591379e-01
3.337765957446810717e+03,6.736278091601410889e-01
3.351063829787236500e+03,6.968296236748230399e-01
3.364361702127662284e+03,7.153910752865686451e-01
3.377659574468088067e+03,7.385928898012503740e-01
3.390957446808512941e+03,7.571543414129959793e-01
3.404255319148938725e+03,7.780359744762097574e-01
3.417553191489364508e+03,7.965974260879551405e-01
3.430851063829790291e+03,8.151588776997007457e-01
3.444148936170215165e+03,8.290799664085100051e-01
3.457446808510640949e+03,8.453212365687872154e-01
3.470744680851066732e+03,8.592423252775964748e-01
3.484042553191491606e+03,8.685230510834691664e-01
3.497340425531917390e+03,8.824441397922782038e-01
3.510638297872343173e+03,8.894046841466829445e-01
3.523936170212768957e+03,8.986854099525556361e-01
3.537234042553193831e+03,9.033257728554919819e-01
3.550531914893619614e+03,9.079661357584283277e-01
3.563829787234045398e+03,9.102863172098965006e-01
3.577127659574470272e+03,9.102863172098965006e-01
3.590425531914896055e+03,9.079661357584283277e-01
3.603723404255321839e+03,9.033257728554919819e-01
3.617021276595747622e+03,8.986854099525556361e-01
3.630319148936172496e+03,8.894046841466829445e-01
3.643617021276598280e+03,8.824441397922782038e-01
3.656914893617024063e+03,8.731634139864055122e-01
3.670212765957449847e+03,8.592423252775964748e-01
3.683510638297874721e+03,8.430010551173190425e-01
3.696808510638300504e+03,8.290799664085100051e-01
3.710106382978726288e+03,8.105185147967643999e-01
3.723404255319151162e+03,7.942772446364869676e-01
3.736702127659576945e+03,7.710754301218052387e-01
3.750000000000002728e+03,7.525139785100596335e-01
3.763297872340428512e+03,7.293121639953776825e-01
3.776595744680853386e+03,7.037901680292275586e-01
3.789893617021279169e+03,6.805883535145456076e-01
3.803191489361704953e+03,6.550663575483957057e-01
3.816489361702129827e+03,6.295443615822455818e-01
3.829787234042555610e+03,5.970618212616907172e-01
3.843085106382981394e+03,5.738600067470089883e-01
3.856382978723407177e+03,5.483380107808586423e-01
3.869680851063832051e+03,5.181756519117723947e-01
3.882978723404257835e+03,4.880132930426857030e-01
3.896276595744683618e+03,4.601711156250676282e-01
3.909574468085109402e+03,4.323289382074491094e-01
3.922872340425534276e+03,4.044867607898310347e-01
3.936170212765960059e+03,3.766445833722125158e-01
3.949468085106385843e+03,3.488024059545944411e-01
3.962765957446810717e+03,3.209602285369763663e-01
3.976063829787236500e+03,2.931180511193578475e-01
3.989361702127662284e+03,2.675960551532079457e-01
4.002659574468088067e+03,2.443942406385257726e-01
4.015957446808512941e+03,2.188722446723758708e-01
4.029255319148938725e+03,1.956704301576936977e-01
4.042553191489364508e+03,1.724686156430119688e-01
4.055851063829789382e+03,1.539071640312665856e-01
4.069148936170215165e+03,1.330255309680525855e-01
4.082446808510640949e+03,1.144640793563072023e-01
4.095744680851066732e+03,9.822280919602999205e-02
4.109042553191491606e+03,8.198153903575233770e-02
4.122340425531917390e+03,7.038063177841147322e-02
4.135638297872343173e+03,5.645954306960243585e-02
4.148936170212768957e+03,4.717881726372974427e-02
4.162234042553193831e+03,3.789809145785705269e-02
4.175531914893619614e+03,2.861736565198391702e-02
4.188829787234045398e+03,2.165682129757939833e-02
4.202127659574470272e+03,1.701645839464305254e-02
4.215425531914896055e+03,1.237609549170670675e-02
4.228723404255321839e+03,1.005591404023853386e-02
7.805851063829790291e+03,7.751882343658422769e-04
7.819148936170215165e+03,7.751882343658422769e-04
7.832446808510640039e+03,7.751882343658422769e-04
7.845744680851066732e+03,7.751882343658422769e-04
7.859042553191491606e+03,7.751882343658422769e-04
7.872340425531916480e+03,7.751882343658422769e-04
7.885638297872343173e+03,7.751882343658422769e-04
7.898936170212768047e+03,7.751882343658422769e-04
7.912234042553194740e+03,7.751882343658422769e-04
7.925531914893619614e+03,7.751882343658422769e-04
7.938829787234044488e+03,7.751882343658422769e-04
7.952127659574471181e+03,7.751882343658422769e-04
7.965425531914896055e+03,7.751882343658422769e-04
7.978723404255320929e+03,7.751882343658422769e-04
7.992021276595747622e+03,7.751882343658422769e-04
8.005319148936172496e+03,7.751882343658422769e-04
8.018617021276597370e+03,7.751882343658422769e-04
8.031914893617024063e+03,7.751882343658422769e-04
8.045212765957448937e+03,7.751882343658422769e-04
8.058510638297873811e+03,7.751882343658422769e-04
8.071808510638300504e+03,7.751882343658422769e-04
8.085106382978725378e+03,7.751882343658422769e-04
8.098404255319152071e+03,7.751882343658422769e-04
8.111702127659576945e+03,7.751882343658422769e-04
8.125000000000001819e+03,7.751882343658422769e-04
8.138297872340428512e+03,7.751882343658422769e-04
8.151595744680853386e+03,7.751882343658422769e-04
8.164893617021278260e+03,7.751882343658422769e-04
8.178191489361704953e+03,7.751882343658422769e-04
8.191489361702129827e+03,7.751882343658422769e-04
8.204787234042554701e+03,7.751882343658422769e-04
8.218085106382981394e+03,7.751882343658422769e-04
8.231382978723406268e+03,7.751882343658422769e-04
8.244680851063832961e+03,7.751882343658422769e-04
8.257978723404257835e+03,7.751882343658422769e-04
8.271276595744682709e+03,7.751882343658422769e-04
8.284574468085109402e+03,7.751882343658422769e-04
8.297872340425534276e+03,7.751882343658422769e-04
8.311170212765959150e+03,7.751882343658422769e-04
8.324468085106385843e+03,7.751882343658422769e-04
8.337765957446810717e+03,7.751882343658422769e-04
8.351063829787235591e+03,7.751882343658422769e-04
8.364361702127662284e+03,7.751882343658422769e-04
8.377659574468087158e+03,7.751882343658422769e-04
8.390957446808513851e+03,7.751882343658422769e-04
8.404255319148938725e+03,7.751882343658422769e-04
8.417553191489363599e+03,7.751882343658422769e-04
8.430851063829790291e+03,7.751882343658422769e-04
8.444148936170215165e+03,7.751882343658422769e-04
8.457446808510640039e+03,7.751882343658422769e-04
8.470744680851066732e+03,7.751882343658422769e-04
8.484042553191491606e+03,7.751882343658422769e-04
8.497340425531916480e+03,7.751882343658422769e-04
8.510638297872343173e+03,7.751882343658422769e-04
8.523936170212768047e+03,7.751882343658422769e-04
8.537234042553194740e+03,7.751882343658422769e-04
8.550531914893619614e+03,7.751882343658422769e-04
8.563829787234044488e+03,7.751882343658422769e-04
8.577127659574471181e+03,7.751882343658422769e-04
8.590425531914896055e+03,7.751882343658422769e-04
8.603723404255320929e+03,7.751882343658422769e-04
8.617021276595747622e+03,7.751882343658422769e-04
8.630319148936172496e+03,7.751882343658422769e-04
8.643617021276597370e+03,7.751882343658422769e-04
8.656914893617024063e+03,7.751882343658422769e-04
8.670212765957448937e+03,7.751882343658422769e-04
8.683510638297873811e+03,7.751882343658422769e-04
8.696808510638300504e+03,7.751882343658422769e-04
8.710106382978725378e+03,7.751882343658422769e-04
8.723404255319152071e+03,7.751882343658422769e-04
8.736702127659576945e+03,7.751882343658422769e-04
8.750000000000001819e+03,7.751882343658422769e-04
8.763297872340428512e+03,7.751882343658422769e-04
8.776595744680853386e+03,7.751882343658422769e-04
8.789893617021278260e+03,7.751882343658422769e-04
8.803191489361704953e+03,7.751882343658422769e-04
8.816489361702129827e+03,7.751882343658422769e-04
8.829787234042554701e+03,7.751882343658422769e-04
8.843085106382981394e+03,7.751882343658422769e-04
8.856382978723406268e+03,7.751882343658422769e-04
8.869680851063832961e+03,7.751882343658422769e-04
8.882978723404257835e+03,7.751882343658422769e-04
8.896276595744682709e+03,7.751882343658422769e-04
8.909574468085109402e+03,7.751882343658422769e-04
8.922872340425534276e+03,7.751882343658422769e-04
8.936170212765959150e+03,7.751882343658422769e-04
8.949468085106385843e+03,7.751882343658422769e-04
8.962765957446810717e+03,7.751882343658422769e-04
8.976063829787235591e+03,7.751882343658422769e-04
8.989361702127662284e+03,7.751882343658422769e-04
9.002659574468087158e+03,7.751882343658422769e-04
9.015957446808513851e+03,7.751882343658422769e-04
9.029255319148938725e+03,7.751882343658422769e-04
9.042553191489363599e+03,7.751882343658422769e-04
9.055851063829790291e+03,7.751882343658422769e-04
9.069148936170215165e+03,7.751882343658422769e-04
