time_s,cylinder_black,cone_s2_red,cone_s05_blue
220.6908270485501,,0.000594,
220.70663479595558,,0.000594,
220.72244254336107,,0.000594,
220.73825029076656,,0.000594,
220.75405803817205,,0.000594,
220.76986578557754,,0.000594,
220.78567353298303,,0.000594,
220.80148128038851,,0.000594,
220.817289027794,,0.000594,
220.8330967751995,,0.000594,
220.84890452260498,,0.000594,
220.86471227001047,,0.000594,
220.88052001741596,,0.000594,
220.89632776482148,,0.000594,
220.91213551222697,,0.000594,
220.92794325963246,,0.000594,
220.94375100703795,,0.000594,
220.95955875444344,,0.000594,
220.97536650184892,,0.000594,
220.9911742492544,,0.000594,
221.0069819966599,,0.000594,
221.0227897440654,,0.000594,
221.03859749147088,,0.000594,
221.05440523887637,,0.000594,
221.07021298628186,,0.000594,
221.08602073368735,,0.000594,
221.10182848109284,,0.000594,
221.11763622849833,,0.000594,
221.13344397590382,,0.000594,
221.1492517233093,,0.000594,
221.1650594707148,,0.000594,
221.18086721812028,,0.000594,
221.19667496552577,,0.000594,
221.21248271293126,,0.000594,
221.22829046033675,,0.000594,
221.24409820774224,,0.000594,
221.25990595514773,,0.000594,
221.27571370255322,,0.000594,
221.29152144995874,,0.000594,
221.30732919736423,,0.000594,
221.32313694476971,,0.000594,
221.3389446921752,,0.000594,
221.3547524395807,,0.000594,
221.37056018698618,,0.000594,
221.38636793439167,,0.000594,
221.40217568179716,,0.000594,
221.41798342920265,,0.000594,
221.43379117660814,,0.000594,
221.44959892401363,,0.000594,
221.46540667141912,,0.000594,
221.4812144188246,,0.000594,
221.4970221662301,,0.000594,
221.51282991363558,,0.000594,
221.52863766104107,,0.000594,
221.54444540844656,,0.000594,
221.56025315585205,,0.000594,
221.57606090325754,,0.000594,
221.59186865066303,,0.000594,
221.60767639806852,,0.000594,
221.623484145474,,0.000594,
221.6392918928795,,0.000594,
221.65509964028502,,0.000594,
221.6709073876905,,0.000594,
221.686715135096,,0.000594,
221.70252288250148,,0.000594,
221.71833062990697,,0.000594,
221.73413837731246,,0.000594,-0.000593
221.74994612471795,,0.000594,-0.000593
221.76575387212344,,0.000594,
221.78156161952893,,0.000594,
221.79736936693442,,0.000594,
221.8131771143399,,0.000594,
221.8289848617454,,0.000594,-0.000297
221.8447926091509,,0.000594,-0.000297
221.86060035655638,,0.000594,
221.87640810396186,,0.000594,
221.89221585136735,,0.000594,-0.000297
221.90802359877284,,0.000594,-0.000297
221.92383134617833,,0.000594,-0.000297
221.93963909358382,,0.000594,-0.000297
221.9554468409893,,0.000594,-0.000297
221.9712545883948,,0.000594,-0.000297
221.9870623358003,,0.000594,
222.00287008320578,,0.000594,
222.01867783061127,,0.000594,
222.03448557801676,,0.000594,
222.05029332542227,,0.000594,
222.06610107282776,,0.000594,
222.08190882023325,,0.000594,
222.09771656763874,,0.000594,
222.11352431504423,,0.000594,
222.12933206244972,,0.000594,
222.1451398098552,,0.000594,
222.1609475572607,,0.000594,
222.1767553046662,,0.000594,
222.19256305207168,,0.000594,
222.20837079947717,,0.000594,
222.22417854688265,,0.000594,
222.23998629428814,,0.000594,
222.25579404169363,,0.000594,
222.27160178909912,,0.000594,
222.2874095365046,,0.000594,
222.3032172839101,,0.000594,
222.3190250313156,,0.000594,
222.33483277872108,,0.000594,
222.35064052612657,,0.000594,
222.36644827353206,,0.000594,
222.38225602093755,,0.000594,
222.39806376834304,,0.000594,
222.41387151574855,,0.000594,
222.42967926315404,,0.000594,
222.44548701055953,,0.000594,
222.46129475796502,,0.000594,
222.4771025053705,,0.000594,
222.492910252776,,0.000594,
222.5087180001815,,0.000594,
222.52452574758698,,0.000594,
222.54033349499247,,0.000594,
222.55614124239796,,0.000594,
222.57194898980345,,0.000594,
222.58775673720893,,0.000594,
222.60356448461442,,0.000594,
222.6193722320199,,0.000594,
222.6351799794254,,0.000594,
222.6509877268309,,0.000594,
222.66679547423638,,0.000594,
222.68260322164187,,0.000594,
222.69841096904736,,0.000594,
222.71421871645285,,0.000594,
222.73002646385834,,0.000594,
222.74583421126383,,,0.000297
222.76164195866932,,,0.000297
222.7774497060748,,,0.000297
222.79325745348032,,,0.000297
222.8090652008858,,,0.000297
222.8248729482913,,,0.000297
222.8406806956968,,,0.000297
222.85648844310228,,,0.000297
222.87229619050777,,,0.000297
222.88810393791326,,,0.000297
222.90391168531875,,,0.000297
222.91971943272424,,,0.000297
222.93552718012972,,,0.000297
222.9513349275352,,,0.000297
222.9671426749407,,,0.000297
222.9829504223462,,,0.000297
222.99875816975168,,,0.000000
223.01456591715717,,,0.000000
223.03037366456266,,,0.000000
223.04618141196815,,,0.000000
223.06198915937364,,,0.000000
223.07779690677913,,,0.000000
223.09360465418462,,,0.000297
223.1094124015901,,,0.000297
223.1252201489956,,,0.000297
223.14102789640108,,,0.000297
223.15683564380657,,,0.000297
223.1726433912121,,,0.000297
223.18845113861758,,,0.000297
223.20425888602307,,,0.000297
223.22006663342856,,,-0.000148
223.23587438083405,,,-0.000148
223.25168212823954,,,0.000297
223.26748987564503,,,0.000297
223.28329762305052,,,0.000297
223.299105370456,,,0.000297
223.3149131178615,,,0.000297
223.33072086526698,,,0.000297
223.34652861267247,,,0.000297
223.36233636007796,,,0.000297
223.37814410748345,,,0.000297
223.39395185488894,,,0.000297
223.40975960229443,,,0.000297
223.42556734969992,,,0.000297
223.4413750971054,,,0.000297
223.4571828445109,,,0.000297
223.47299059191639,,,0.000297
223.48879833932187,,,0.000297
223.50460608672736,,,0.000297
223.52041383413285,,,0.000297
223.53622158153837,,,0.000297
223.55202932894386,,,0.000297
223.56783707634935,,,0.000297
223.58364482375484,,,0.000297
223.59945257116033,,,0.000297
223.61526031856582,,,0.000297
223.6310680659713,,,0.000297
223.6468758133768,,,0.000297
223.66268356078228,,,0.000297
223.67849130818777,,,0.000297
223.69429905559326,,,0.000297
223.71010680299875,,,0.000297
223.72591455040424,,,0.000297
223.74172229780973,,,0.000297
223.75753004521522,,,-0.000148
223.7733377926207,,,-0.000148
223.7891455400262,,,-0.000148
223.8049532874317,,,-0.000148
223.82076103483718,,,0.000297
223.83656878224267,,,0.000297
223.85237652964815,,,0.000297
223.86818427705364,,,0.000297
223.88399202445913,,,0.000000
223.89979977186462,,,0.000000
223.9156075192701,,,0.000000
223.93141526667563,,,0.000000
223.94722301408112,,,0.000000
223.9630307614866,,,0.000000
223.9788385088921,,,0.000000
223.99464625629759,,,0.000000
224.01045400370307,,,0.000297
224.02626175110856,,,0.000297
224.04206949851405,,,0.000297
224.05787724591954,,,0.000297
224.07368499332503,,,0.000297
224.08949274073052,,,0.000297
224.105300488136,,,0.000297
224.1211082355415,,,0.000297
224.136915982947,,,0.000297
224.15272373035248,,,0.000297
224.16853147775797,,,0.000297
224.18433922516346,,,0.000297
224.20014697256894,,,0.000297
224.21595471997443,,,0.000297
224.23176246737992,,,0.000297
224.2475702147854,,,0.000297
224.2633779621909,,,0.000297
224.2791857095964,,,0.000297
224.2949934570019,,,0.000297
224.3108012044074,,,0.000297
224.3266089518129,,,0.000297
224.34241669921838,,,0.000297
224.35822444662386,,,0.000297
224.37403219402935,,,0.000297
224.38983994143484,,,0.000297
224.40564768884033,,,0.000297
224.42145543624582,,,0.000297
224.4372631836513,,,0.000297
224.4530709310568,,,0.000297
224.4688786784623,,,0.000297
224.48468642586778,,,0.000297
224.50049417327327,,,0.000297
224.51630192067876,,,-0.000148
224.53210966808425,,,-0.000148
224.54791741548974,,,0.000297
224.56372516289522,,,0.000297
224.5795329103007,,,0.000297
224.5953406577062,,,0.000297
224.6111484051117,,,0.000000
224.62695615251718,,,0.000000
224.64276389992267,,,0.000000
224.65857164732816,,,0.000000
224.67437939473365,0.000890,,0.000297
224.69018714213917,0.000890,,0.000297
224.70599488954466,0.000890,,0.000445
224.72180263695014,0.000890,,0.000445
224.73761038435563,0.000890,,0.000445
224.75341813176112,0.000890,,0.000445
224.7692258791666,0.000890,,0.000445
224.7850336265721,0.000890,,0.000445
224.8008413739776,0.000890,,0.000445
224.81664912138308,0.000890,,0.000445
224.83245686878857,0.000890,,0.000445
224.84826461619406,0.000890,,0.000445
224.86407236359955,0.000890,,0.000445
224.87988011100504,0.000890,,0.000445
224.89568785841053,0.000890,,0.000445
224.91149560581601,0.000890,,0.000445
224.9273033532215,0.000890,,0.000594
224.943111100627,0.000890,,0.000594
224.95891884803248,0.000890,,0.000594
224.97472659543797,0.000890,,0.000594
224.99053434284346,0.000890,,0.000594
225.00634209024895,0.000890,,0.000594
225.02214983765444,0.000890,,0.000000
225.03795758505993,0.000890,,0.000000
225.05376533246545,0.000890,,0.000594
225.06957307987093,0.000890,,0.000594
225.08538082727642,0.000890,,0.000594
225.1011885746819,0.000890,,0.000594
225.1169963220874,0.000890,,0.000594
225.1328040694929,0.000890,,0.000594
225.14861181689838,,,0.000148
225.16441956430387,,,0.000148
225.18022731170936,,,0.000297
225.19603505911485,,,0.000297
225.21184280652034,,,0.000297
225.22765055392583,,,0.000297
225.24345830133132,,,0.000297
225.2592660487368,,,0.000297
225.2750737961423,,,
225.29088154354778,,,
225.30668929095327,,,0.000594
225.32249703835876,,,0.000594
225.33830478576425,,,0.000594
225.35411253316974,,,0.000594
225.36992028057523,,,
225.38572802798072,,,
225.4015357753862,0.001187,,
225.4173435227917,0.001187,,
225.43315127019721,0.001187,,0.000000
225.4489590176027,0.001187,,0.000000
225.4647667650082,0.001187,,0.000445
225.48057451241368,0.001187,,0.000445
225.49638225981917,0.001187,,0.000890
225.51219000722466,0.001187,,0.000890
225.52799775463015,0.001187,,0.000445
225.54380550203564,0.001187,,0.000445
225.55961324944113,0.001187,,0.000890
225.57542099684662,0.001187,,0.000890
225.5912287442521,0.001335,,0.000890
225.6070364916576,0.001335,,0.000890
225.62284423906308,0.001335,,0.000890
225.63865198646857,0.001335,,0.000890
225.65445973387406,0.001335,,0.000445
225.67026748127955,0.001335,,0.000445
225.68607522868504,0.001335,,0.000445
225.70188297609053,0.001335,,0.000445
225.71769072349602,0.001484,,
225.7334984709015,0.001484,,
225.749306218307,0.001484,,0.000594
225.7651139657125,0.001484,,0.000594
225.78092171311798,0.001484,,0.000445
225.79672946052347,0.001484,,0.000445
225.81253720792898,0.001484,,0.000594
225.82834495533447,0.001484,,0.000594
225.84415270273996,0.001484,,0.001187
225.85996045014545,0.001484,,0.001187
225.87576819755094,,,0.001187
225.89157594495643,,,0.001187
225.90738369236192,0.001781,,0.000890
225.9231914397674,0.001781,,0.000890
225.9389991871729,0.001781,,0.000890
225.9548069345784,0.001781,,0.000890
225.97061468198388,0.001781,,0.001187
225.98642242938936,0.001781,,0.001187
226.00223017679485,0.001781,,0.001335
226.01803792420034,0.001781,,0.001335
226.03384567160583,,,0.000890
226.04965341901132,,,0.000890
226.0654611664168,,,0.001187
226.0812689138223,,,0.001187
226.0970766612278,0.002077,,0.001187
226.11288440863328,0.002077,,0.001187
226.12869215603877,0.002077,,
226.14449990344426,0.002077,,
226.16030765084975,0.002077,,0.001781
226.17611539825526,0.002077,,0.001781
226.19192314566072,0.002226,,0.001335
226.20773089306624,0.002226,,0.001335
226.22353864047173,0.002226,,0.001335
226.23934638787722,0.002226,,0.001335
226.2551541352827,0.002374,,
226.2709618826882,0.002374,,
226.2867696300937,0.002374,,0.001484
226.30257737749918,0.002374,,0.001484
226.31838512490467,0.002374,,0.002077
226.33419287231015,0.002374,,0.002077
226.35000061971564,0.002671,,0.002077
226.36580836712113,0.002671,,0.002077
226.38161611452662,0.002671,,0.002374
226.3974238619321,0.002671,,0.002374
226.4132316093376,,,0.002374
226.4290393567431,,,0.002374
226.44484710414858,,,
226.46065485155407,,,
226.47646259895956,,,
226.49227034636505,,,
226.50807809377054,0.002967,,0.002671
226.52388584117602,0.002967,,0.002671
226.5396935885815,0.003264,,
226.555501335987,0.003264,,
226.57130908339252,0.003264,,0.002967
226.587116830798,0.003264,,0.002967
226.6029245782035,,,0.002671
226.618732325609,,,0.002671
226.63454007301448,,,0.003264
226.65034782041997,,,0.003264
226.66615556782546,0.003561,,0.003264
226.68196331523094,0.003561,,0.003264
226.69777106263643,,,0.003561
226.71357881004192,,,0.003561
226.7293865574474,,,0.003116
226.7451943048529,,,0.003116
226.7610020522584,,,0.003264
226.77680979966388,,,0.003264
226.79261754706937,,,0.003264
226.80842529447486,,,0.003264
226.82423304188035,,,0.003709
226.84004078928584,,,0.003709
226.85584853669133,,,0.003561
226.87165628409682,,,0.003561
226.8874640315023,,,0.004451
226.9032717789078,,,0.004451
226.91907952631328,,,0.004154
226.9348872737188,,,0.004154
226.9506950211243,,,0.004748
226.96650276852978,,,0.004748
226.98231051593527,,,0.004600
226.99811826334076,,,0.004600
227.01392601074625,,,0.004896
227.02973375815174,,,0.004896
227.04554150555722,,,0.005045
227.0613492529627,,,0.005045
227.0771570003682,,,0.005341
227.0929647477737,,,0.005341
227.10877249517918,,,0.005341
227.12458024258467,,,0.005341
227.14038798999016,,,0.005045
227.15619573739565,,,0.005045
227.17200348480114,,,0.005935
227.18781123220663,,,0.005935
227.20361897961212,,,0.006528
227.2194267270176,,,0.006528
227.2352344744231,,,0.005935
227.25104222182858,,,0.005935
227.26684996923407,,,0.006232
227.28265771663956,,,0.006232
227.29846546404505,,,0.007419
227.31427321145054,,,0.007419
227.33008095885606,0.006232,0.008309,0.007419
227.34588870626155,0.006232,0.008309,0.007419
227.36169645366704,0.006528,,0.007715
227.37750420107253,0.006528,,0.007715
227.39331194847801,0.006825,,0.007864
227.4091196958835,0.006825,,0.007864
227.424927443289,0.007122,,0.008012
227.44073519069448,0.007122,,0.008012
227.45654293809997,0.007419,,0.009199
227.47235068550546,0.007419,,0.009199
227.48815843291095,0.007715,,0.009051
227.50396618031644,0.007715,,0.009051
227.51977392772193,0.008012,,0.009496
227.53558167512742,0.008012,,0.009496
227.5513894225329,0.008457,,0.010386
227.5671971699384,0.008457,,0.010386
227.58300491734389,0.008754,,0.009792
227.59881266474937,0.008754,,0.009792
227.61462041215486,0.009051,0.011870,0.010683
227.63042815956035,0.009051,0.011870,0.010683
227.64623590696584,0.009496,,0.010386
227.66204365437133,0.009496,,0.010386
227.67785140177682,0.009792,0.012760,0.011573
227.69365914918234,0.009792,0.012760,0.011573
227.70946689658783,0.010238,,0.011573
227.72527464399332,0.010238,,0.011573
227.7410823913988,0.010683,,0.012463
227.7568901388043,0.010683,,0.012463
227.77269788620978,0.011128,,0.012908
227.78850563361527,0.011128,,0.012908
227.80431338102076,0.011424,,0.013947
227.82012112842625,0.011424,,0.013947
227.83592887583174,0.012018,0.015430,0.013798
227.85173662323723,0.012018,0.015430,0.013798
227.86754437064272,0.012463,,0.014392
227.8833521180482,0.012463,,0.014392
227.8991598654537,0.012908,0.016617,0.015875
227.9149676128592,0.012908,0.016617,0.015875
227.93077536026468,0.013353,0.017211,0.015727
227.94658310767016,0.013353,0.017211,0.015727
227.96239085507565,0.013947,0.017804,0.016024
227.97819860248114,0.013947,0.017804,0.016024
227.99400634988663,0.014392,0.018398,0.015727
228.00981409729212,0.014392,0.018398,0.015727
228.0256218446976,0.014985,0.018991,0.016617
228.0414295921031,0.014985,0.018991,0.016617
228.0572373395086,0.015430,0.019733,0.017804
228.07304508691408,0.015430,0.019733,0.017804
228.0888528343196,0.016024,0.020475,0.019585
228.10466058172508,0.016024,0.020475,0.019585
228.12046832913057,0.016469,0.021068,0.018398
228.13627607653606,0.016469,0.021068,0.018398
228.15208382394155,0.017211,0.021959,0.019140
228.16789157134704,0.017211,0.021959,0.019140
228.18369931875253,0.017953,0.022552,0.021068
228.19950706615802,0.017953,0.022552,0.021068
228.2153148135635,0.018546,0.023442,0.021365
228.231122560969,0.018546,0.023442,0.021365
228.2469303083745,0.018991,0.024332,0.021513
228.26273805577998,0.018991,0.024332,0.021513
228.27854580318547,0.019881,0.025074,0.022997
228.29435355059096,0.019881,0.025074,0.022997
228.31016129799644,0.020475,0.025816,0.024184
228.32596904540193,0.020475,0.025816,0.024184
228.34177679280742,0.021217,0.026706,0.025519
228.3575845402129,0.021217,0.026706,0.025519
228.3733922876184,0.021810,0.027597,0.025816
228.3892000350239,0.021810,0.027597,0.025816
228.40500778242938,0.022552,0.028487,0.027300
228.42081552983487,0.022552,0.028487,0.027300
228.43662327724036,0.023294,0.029377,0.027448
228.45243102464588,0.023294,0.029377,0.027448
228.46823877205136,0.024184,,0.029229
228.48404651945685,0.024184,,0.029229
228.49985426686234,0.024926,,0.028932
228.51566201426783,0.024926,,0.028932
228.53146976167332,0.025668,,0.030861
228.5472775090788,0.025668,,0.030861
228.5630852564843,0.026558,,0.031751
228.5788930038898,0.026558,,0.031751
228.59470075129528,0.027448,,0.031751
228.61050849870077,0.027448,,0.031751
228.62631624610626,0.028190,,0.033828
228.64212399351175,0.028190,,0.033828
228.65793174091723,0.029229,,0.034867
228.67373948832272,0.029229,,0.034867
228.6895472357282,0.029822,,0.036053
228.7053549831337,0.029822,,0.036053
228.7211627305392,0.031009,,0.037240
228.73697047794468,0.031009,,0.037240
228.75277822535017,0.031899,,0.037389
228.76858597275566,0.031899,,0.037389
228.78439372016115,0.032789,,0.039466
228.80020146756664,0.032789,,0.039466
228.81600921497215,0.033680,,0.039466
228.83181696237762,0.033680,,0.039466
228.84762470978313,0.034570,,0.041543
228.86343245718862,0.034570,,0.041543
228.8792402045941,0.035757,,0.042730
228.8950479519996,0.035757,,0.042730
228.9108556994051,0.036647,,0.042433
228.92666344681058,0.036647,,0.042433
228.94247119421607,0.037686,,0.044956
228.95827894162156,0.037686,,0.044956
228.97408668902705,0.038724,,0.046439
228.98989443643254,0.038724,,0.046439
229.00570218383803,0.040059,,0.046884
229.02150993124351,0.040059,,0.046884
229.037317678649,0.040950,,0.048665
229.0531254260545,0.040950,,0.048665
229.06893317345998,0.042137,,0.050000
229.08474092086547,0.042137,,0.050000
229.10054866827096,0.043472,,0.049407
229.11635641567645,0.043472,,0.049407
229.13216416308194,0.043472,,0.049407
229.14797191048743,0.044659,,0.052671
229.16377965789292,0.044659,,0.052671
229.1795874052984,0.045846,,0.054006
229.1953951527039,0.045846,,0.054006
229.2112029001094,0.047181,,0.055638
229.2270106475149,0.047181,,0.055638
229.2428183949204,0.048368,,0.056528
229.25862614232588,0.048368,,0.056528
229.27443388973137,0.049852,,0.056677
229.29024163713686,0.049852,,0.056677
229.30604938454235,0.051039,,0.059496
229.32185713194784,0.051039,,0.059496
229.33766487935333,0.052374,,0.060979
229.35347262675882,0.052374,,0.060979
229.3692803741643,0.053858,,0.062760
229.3850881215698,0.053858,,0.062760
229.40089586897528,0.055045,,0.063947
229.41670361638077,0.055045,,0.063947
229.43251136378626,0.056528,,0.064985
229.44831911119175,0.056528,,0.064985
229.46412685859724,0.058012,,0.066766
229.47993460600273,0.058012,,0.066766
229.49574235340822,0.059347,,0.065875
229.5115501008137,0.059347,,0.065875
229.5273578482192,0.060831,,0.070326
229.54316559562469,0.060831,,0.070326
229.55897334303017,0.062315,,0.069139
229.5747810904357,0.062315,,0.069139
229.59058883784115,0.063798,,0.070623
229.60639658524667,0.063798,,0.070623
229.62220433265216,0.065282,,0.071810
229.63801208005765,0.065282,,0.071810
229.65381982746314,0.066914,,0.072107
229.66962757486863,0.066914,,0.072107
229.68543532227412,0.068546,,0.073368
229.7012430696796,0.068546,,0.073368
229.7170508170851,0.070030,,0.076113
229.73285856449058,0.070030,,0.076113
229.74866631189607,0.071662,,0.076261
229.76447405930156,0.071662,,0.076261
229.78028180670705,0.073442,,0.080045
229.79608955411254,0.073442,,0.080045
229.81189730151803,0.074703,,0.081009
229.82770504892352,0.074703,,0.081009
229.843512796329,0.076484,,0.080564
229.8593205437345,0.076484,,0.080564
229.87512829114,0.078116,,0.084718
229.89093603854548,0.078116,,0.084718
229.90674378595097,0.079748,,0.085608
229.92255153335645,0.079748,,0.085608
229.93835928076194,0.081306,,0.087240
229.95416702816743,0.081306,,0.087240
229.96997477557295,0.082938,,0.090059
229.98578252297844,0.082938,,0.090059
230.00159027038393,0.084421,,0.089169
230.01739801778942,0.084421,,0.089169
230.0332057651949,0.086053,,0.090208
230.0490135126004,0.086053,,0.090208
230.06482126000589,0.087685,,0.094214
230.08062900741137,0.087685,,0.094214
230.09643675481686,0.089466,,0.093769
230.11224450222235,0.089466,,0.093769
230.12805224962784,0.091098,,0.095104
230.14385999703333,0.091098,,0.095104
230.15966774443882,0.092730,,0.097774
230.1754754918443,0.092730,,0.097774
230.1912832392498,0.094510,,0.098368
230.2070909866553,0.094510,,0.098368
230.22289873406078,0.096142,,0.100148
230.23870648146627,0.096142,,0.100148
230.25451422887176,0.097626,,0.101632
230.27032197627724,0.097626,,0.101632
230.28612972368273,0.099258,,0.103264
230.30193747108822,0.099258,,0.103264
230.3177452184937,0.101039,,0.105786
230.33355296589923,0.101039,,0.105786
230.34936071330472,0.102522,,0.106380
230.3651684607102,0.102522,,0.106380
230.3809762081157,0.104154,,0.107715
230.3967839555212,0.104154,,0.107715
230.41259170292668,0.105935,,0.110682
230.42839945033217,0.105935,,0.110682
230.44420719773765,0.107567,,0.112314
230.46001494514314,0.107567,,0.112314
230.47582269254863,0.109050,,0.112611
230.49163043995412,0.109050,,0.112611
230.5074381873596,0.110831,0.112760,0.116766
230.5232459347651,0.110831,0.112760,0.116766
230.5390536821706,0.112463,0.114392,0.115875
230.55486142957608,0.112463,0.114392,0.115875
230.57066917698157,0.113947,0.115875,0.117656
230.58647692438706,0.113947,0.115875,0.117656
230.60228467179255,0.115579,0.117359,0.118843
230.61809241919804,0.115579,0.117359,0.118843
230.63390016660352,0.117507,0.118546,0.122700
230.649707914009,0.117507,0.118546,0.122700
230.6655156614145,,0.120030,0.124777
230.68132340882,,0.120030,0.124777
230.69713115622548,,0.121662,0.123590
230.71293890363097,,0.121662,0.123590
230.7287466510365,,0.122997,0.126261
230.74455439844198,,0.122997,0.126261
230.76036214584747,,0.124481,0.126409
230.77616989325296,,0.124481,0.126409
230.79197764065844,,0.125964,0.130415
230.80778538806393,,0.125964,0.130415
230.82359313546942,,0.127300,0.129228
230.8394008828749,,0.127300,0.129228
230.8552086302804,,0.128783,0.133383
230.8710163776859,,0.128783,0.133383
230.88682412509138,,0.130119,0.135163
230.90263187249687,,0.130119,0.135163
230.91843961990236,0.138279,0.131602,0.136498
230.93424736730785,0.138279,0.131602,0.136498
230.95005511471334,0.139614,0.132641,0.137685
230.96586286211883,0.139614,0.132641,0.137685
230.98167060952431,0.140949,0.134125,0.138279
230.9974783569298,0.140949,0.134125,0.138279
231.0132861043353,0.142285,0.135311,0.137537
231.02909385174078,0.142285,0.135311,0.137537
231.04490159914627,0.143768,0.136498,0.138427
231.06070934655176,0.143768,0.136498,0.138427
231.07651709395725,0.144955,0.137685,0.141098
231.09232484136277,0.144955,0.137685,0.141098
231.10813258876826,0.146142,0.138872,0.143768
231.12394033617375,0.146142,0.138872,0.143768
231.13974808357924,0.147478,0.140059,0.144659
231.15555583098472,0.147478,0.140059,0.144659
231.1713635783902,0.148516,0.141246,0.145252
231.1871713257957,0.148516,0.141246,0.145252
231.2029790732012,0.149555,0.142433,0.145549
231.21878682060668,0.149555,0.142433,0.145549
231.23459456801217,0.150742,0.143323,0.146439
231.25040231541766,0.150742,0.143323,0.146439
231.26621006282315,0.151929,0.144510,0.148813
231.28201781022864,0.151929,0.144510,0.148813
231.29782555763413,0.152967,0.145400,0.149703
231.31363330503962,0.152967,0.145400,0.149703
231.3294410524451,0.154006,0.146291,0.148219
231.3452487998506,0.154006,0.146291,0.148219
231.36105654725608,0.155044,0.147329,0.149703
231.37686429466157,0.155044,0.147329,0.149703
231.39267204206706,0.156231,0.148219,0.150000
231.40847978947255,0.156231,0.148219,0.150000
231.42428753687804,0.157270,0.149110,0.151632
231.44009528428353,0.157270,0.149110,0.151632
231.45590303168905,0.158457,0.150148,0.152077
231.4717107790945,0.158457,0.150148,0.152077
231.48751852650003,0.159347,0.150890,0.154154
231.50332627390551,0.159347,0.150890,0.154154
231.519134021311,0.160386,0.151632,0.154006
231.5349417687165,0.160386,0.151632,0.154006
231.55074951612198,0.161276,0.152522,0.154154
231.56655726352747,0.161276,0.152522,0.154154
231.58236501093296,0.162166,0.153116,0.156083
231.59817275833845,0.162166,0.153116,0.156083
231.61398050574394,0.162908,0.153857,0.155638
231.62978825314943,0.162908,0.153857,0.155638
231.64559600055492,0.163946,0.154599,0.156231
231.6614037479604,0.163946,0.154599,0.156231
231.6772114953659,0.164540,0.155193,0.157418
231.69301924277138,0.164540,0.155193,0.157418
231.70882699017687,0.165133,0.155638,0.157863
231.72463473758236,0.165133,0.155638,0.157863
231.74044248498785,0.165875,0.156231,0.158308
231.75625023239334,0.165875,0.156231,0.158308
231.77205797979883,0.166469,0.156528,0.159495
231.78786572720432,0.166469,0.156528,0.159495
231.8036734746098,0.166914,0.157122,0.159199
231.8194812220153,0.166914,0.157122,0.159199
231.8352889694208,0.167507,0.157567,0.159495
231.8510967168263,0.167507,0.157567,0.159495
231.8669044642318,0.167952,0.157715,0.160386
231.88271221163728,0.167952,0.157715,0.160386
231.89851995904277,0.168249,0.158012,0.159941
231.91432770644826,0.168249,0.158012,0.159941
231.93013545385375,0.168694,0.158308,0.160089
231.94594320125924,0.168694,0.158308,0.160089
231.96175094866473,0.168991,0.158605,0.160979
231.97755869607022,0.168991,0.158605,0.160979
231.9933664434757,0.168991,0.158754,0.161127
232.0091741908812,0.168991,0.158754,0.161127
232.0249819382867,0.169436,0.158754,0.160831
232.04078968569218,0.169436,0.158754,0.160831
232.05659743309766,0.169436,0.158754,0.160979
232.07240518050315,0.169436,0.158754,0.160979
232.08821292790864,0.169436,0.159050,0.161276
232.10402067531413,0.169436,0.159050,0.161276
232.11982842271962,0.169584,0.159050,0.161127
232.1356361701251,0.169584,0.159050,0.161127
232.1514439175306,0.169436,0.158902,0.160979
232.1672516649361,0.169436,0.158902,0.160979
232.18305941234158,0.169436,0.158754,
232.19886715974707,0.169436,0.158754,
232.21467490715258,0.169288,0.158754,0.160979
232.23048265455805,0.169288,0.158754,0.160979
232.24629040196356,0.168991,0.158605,0.160682
232.26209814936905,0.168991,0.158605,0.160682
232.27790589677454,0.168843,0.158308,0.159792
232.29371364418003,0.168843,0.158308,0.159792
232.30952139158552,0.168546,0.158308,0.160237
232.325329138991,0.168546,0.158308,0.160237
232.3411368863965,0.168249,0.158160,
232.356944633802,0.168249,0.158160,
232.37275238120748,0.167804,0.157567,0.159644
232.38856012861297,0.167804,0.157567,0.159644
232.40436787601845,0.167211,0.157270,0.159199
232.42017562342394,0.167211,0.157270,0.159199
232.43598337082943,0.166765,0.156973,0.158605
232.45179111823492,0.166765,0.156973,0.158605
232.4675988656404,0.166172,0.156380,0.158754
232.4834066130459,0.166172,0.156380,0.158754
232.4992143604514,0.165727,0.155786,0.157567
232.51502210785688,0.165727,0.155786,0.157567
232.53082985526237,0.164985,0.155341,0.157418
232.54663760266786,0.164985,0.155341,0.157418
232.56244535007335,0.164392,0.154748,0.157418
232.57825309747884,0.164392,0.154748,0.157418
232.59406084488432,0.163650,0.154154,0.156825
232.60986859228984,0.163650,0.154154,0.156825
232.62567633969533,0.162759,0.153561,0.155489
232.64148408710082,0.162759,0.153561,0.155489
232.6572918345063,0.162166,0.152670,0.155193
232.6730995819118,0.162166,0.152670,0.155193
232.6889073293173,0.161127,0.152077,0.154303
232.70471507672278,0.161127,0.152077,0.154303
232.72052282412827,0.160237,0.151187,0.154303
232.73633057153376,0.160237,0.151187,0.154303
232.75213831893925,0.159495,0.150593,0.152522
232.76794606634473,0.159495,0.150593,0.152522
232.78375381375022,0.158457,0.149703,0.151929
232.7995615611557,0.158457,0.149703,0.151929
232.8153693085612,0.157418,0.148961,0.150297
232.8311770559667,0.157418,0.148961,0.150297
232.84698480337218,0.156231,0.147923,0.150000
232.86279255077767,0.156231,0.147923,0.150000
232.87860029818316,0.155193,0.147033,0.148368
232.89440804558865,0.155193,0.147033,0.148368
232.91021579299414,0.154154,0.146142,0.148813
232.92602354039963,0.154154,0.146142,0.148813
232.94183128780512,0.152819,0.145104,0.146587
232.9576390352106,0.152819,0.145104,0.146587
232.97344678261612,0.151632,0.144214,0.148516
232.98925453002158,0.151632,0.144214,0.148516
233.0050622774271,0.150593,0.143323,0.147033
233.0208700248326,0.150593,0.143323,0.147033
233.03667777223808,0.149555,0.142136,0.145252
233.05248551964357,0.149555,0.142136,0.145252
233.06829326704906,0.148368,0.140949,0.145252
233.08410101445455,0.148368,0.140949,0.145252
233.09990876186004,0.147181,0.139911,0.144065
233.11571650926552,0.147181,0.139911,0.144065
233.131524256671,0.145994,0.139021,0.141840
233.1473320040765,0.145994,0.139021,0.141840
233.163139751482,0.144807,0.137685,0.141395
233.17894749888748,0.144807,0.137685,0.141395
233.19475524629297,0.143620,0.136498,0.140356
233.21056299369846,0.143620,0.136498,0.140356
233.22637074110395,0.142433,0.135311,0.138427
233.24217848850944,0.142433,0.135311,0.138427
233.25798623591493,0.140949,0.133976,0.138724
233.27379398332042,0.140949,0.133976,0.138724
233.2896017307259,0.139614,0.132789,0.134570
233.3054094781314,0.139614,0.132789,0.134570
233.32121722553688,0.138427,,0.133383
233.33702497294237,0.138427,,0.133383
233.35283272034786,0.137092,,0.132196
233.36864046775338,0.137092,,0.132196
233.38444821515887,0.135608,,0.131009
233.40025596256436,0.135608,,0.131009
233.41606370996985,0.134125,,0.130712
233.43187145737534,0.134125,,0.130712
233.44767920478083,0.132789,,0.129673
233.46348695218632,0.132789,,0.129673
233.4792946995918,,,0.128932
233.4951024469973,,,0.128932
233.51091019440278,,,0.126261
233.52671794180827,,,0.126261
233.54252568921376,0.122255,,0.123887
233.55833343661925,0.122255,,0.123887
233.57414118402474,0.120623,,0.122403
233.58994893143023,0.120623,,0.122403
233.60575667883572,0.119139,,0.121068
233.6215644262412,0.119139,,0.121068
233.6373721736467,0.117656,,0.121365
233.65317992105219,0.117656,,0.121365
233.66898766845767,0.116024,,0.118546
233.68479541586316,0.116024,,0.118546
233.70060316326865,0.114392,,0.116766
233.71641091067414,0.114392,,0.116766
233.73221865807966,0.112908,,0.115282
233.74802640548512,0.112908,,0.115282
233.76383415289064,0.111424,,0.113798
233.77964190029613,0.111424,,0.113798
233.79544964770162,0.109941,,0.112463
233.8112573951071,0.109941,,0.112463
233.8270651425126,0.108160,,0.111128
233.84287288991808,0.108160,,0.111128
233.85868063732357,0.106677,,0.112018
233.87448838472906,0.106677,,0.112018
233.89029613213455,0.105044,,0.108012
233.90610387954004,0.105044,,0.108012
233.92191162694553,0.103561,,0.108160
233.93771937435102,0.103561,,0.108160
233.9535271217565,0.101929,,0.108457
233.969334869162,0.101929,,0.108457
233.9851426165675,0.100297,,0.104006
234.00095036397298,0.100297,,0.104006
234.01675811137846,0.098665,,0.102522
234.03256585878395,0.098665,,0.102522
234.04837360618944,0.097033,,0.100890
234.06418135359493,0.097033,,0.100890
234.07998910100042,0.095549,,0.099406
234.09579684840594,0.095549,,0.099406
234.1116045958114,0.093917,,0.097774
234.12741234321692,0.093917,,0.097774
234.1432200906224,0.092285,,0.096884
234.1590278380279,0.092285,,0.096884
234.17483558543339,0.090950,,0.097923
234.19064333283887,0.090950,,0.097923
234.20645108024436,0.089317,,0.097181
234.22225882764985,0.089317,,0.097181
234.23806657505534,0.087834,,0.092582
234.25387432246083,0.087834,,0.092582
234.26968206986632,0.086202,,0.094214
234.2854898172718,0.086202,,0.094214
234.3012975646773,0.084570,,0.092878
234.3171053120828,0.084570,,0.092878
234.33291305948828,0.083086,,0.089614
234.34872080689377,0.083086,,0.089614
234.36452855429926,0.081454,,0.090356
234.38033630170474,0.081454,,0.090356
234.39614404911023,0.079896,,0.088724
234.41195179651572,0.079896,,0.088724
234.4277595439212,0.078264,,0.087240
234.4435672913267,0.078264,,0.087240
234.4593750387322,0.076632,,0.085757
234.47518278613768,0.076632,,0.085757
234.4909905335432,0.075148,,0.084570
234.50679828094866,0.075148,,0.084570
234.52260602835418,0.073887,,0.082789
234.53841377575966,0.073887,,0.082789
234.55422152316515,0.072107,,0.081306
234.57002927057064,0.072107,,0.081306
234.58583701797613,0.070920,,0.079822
234.60164476538162,0.070920,,0.079822
234.6174525127871,0.069139,,0.078190
234.6332602601926,0.069139,,0.078190
234.6490680075981,0.067953,,0.077077
234.66487575500358,0.067953,,0.077077
234.68068350240907,0.066469,0.077522,0.075371
234.69649124981456,0.066469,0.077522,0.075371
234.71229899722005,0.064985,0.076113,0.072849
234.72810674462553,0.064985,0.076113,0.072849
234.74391449203102,0.063502,0.074777,0.070623
234.7597222394365,0.063502,0.074777,0.070623
234.775529986842,0.062166,0.073294,0.071662
234.7913377342475,0.062166,0.073294,0.071662
234.80714548165298,0.060683,0.072107,0.068843
234.82295322905847,0.060683,0.072107,0.068843
234.83876097646396,0.059347,0.070623,0.068843
234.85456872386948,0.059347,0.070623,0.068843
234.87037647127494,0.057864,0.069436,0.066469
234.88618421868046,0.057864,0.069436,0.066469
234.90199196608594,0.056528,,0.065430
234.91779971349143,0.056528,,0.065430
234.93360746089692,0.055193,,0.064985
234.9494152083024,0.055193,,0.064985
234.9652229557079,0.054006,,0.062018
234.9810307031134,0.054006,,0.062018
234.99683845051888,0.052671,,0.062611
235.01264619792437,0.052671,,0.062611
235.02845394532986,0.051335,0.062908,0.060237
235.04426169273535,0.051335,0.062908,0.060237
235.06006944014084,0.050297,0.061573,0.059644
235.07587718754633,0.050297,0.061573,0.059644
235.09168493495181,0.049110,0.060237,0.057715
235.1074926823573,0.049110,0.060237,0.057715
235.1233004297628,0.047923,0.058902,0.056973
235.13910817716828,0.047923,0.058902,0.056973
235.15491592457377,0.046588,0.057715,0.054451
235.17072367197926,0.046588,0.057715,0.054451
235.18653141938475,0.045549,0.056528,0.054896
235.20233916679024,0.045549,0.056528,0.054896
235.21814691419573,0.044510,0.055341,0.052522
235.23395466160122,0.044510,0.055341,0.052522
235.24976240900673,0.043323,0.054006,0.051335
235.2655701564122,0.043323,0.054006,0.051335
235.2813779038177,0.042137,0.052819,0.051335
235.2971856512232,0.042137,0.052819,0.051335
235.3129933986287,0.041098,0.051632,0.047775
235.32880114603418,0.041098,0.051632,0.047775
235.34460889343967,0.040059,0.050297,0.048516
235.36041664084516,0.040059,0.050297,0.048516
235.37622438825065,0.039021,0.049258,0.045846
235.39203213565614,0.039021,0.049258,0.045846
235.40783988306163,0.037982,0.048220,0.046736
235.42364763046712,0.037982,0.048220,0.046736
235.4394553778726,0.037092,0.047033,0.043620
235.4552631252781,0.037092,0.047033,0.043620
235.47107087268358,0.036053,0.045994,0.044510
235.48687862008907,0.036053,0.045994,0.044510
235.50268636749456,0.035163,0.044807,0.043472
235.51849411490005,0.035163,0.044807,0.043472
235.53430186230554,0.034273,0.043769,0.040059
235.55010960971103,0.034273,0.043769,0.040059
235.56591735711652,0.033383,0.042878,0.041395
235.581725104522,0.033383,0.042878,0.041395
235.5975328519275,0.032493,0.041691,0.038576
235.61334059933301,0.032493,0.041691,0.038576
235.62914834673848,0.031751,0.040801,0.037982
235.644956094144,0.031751,0.040801,0.037982
235.66076384154948,0.030861,0.039614,0.037240
235.67657158895497,0.030861,0.039614,0.037240
235.69237933636046,0.029970,0.038576,0.037092
235.70818708376595,0.029970,0.038576,0.037092
235.72399483117144,0.029377,0.037686,0.035757
235.73980257857693,0.029377,0.037686,0.035757
235.75561032598242,0.028635,0.036795,0.034570
235.7714180733879,0.028635,0.036795,0.034570
235.7872258207934,0.027745,0.035905,0.033234
235.80303356819888,0.027745,0.035905,0.033234
235.81884131560437,0.027151,0.035015,0.033828
235.83464906300986,0.027151,0.035015,0.033828
235.85045681041535,0.026410,0.034125,0.031751
235.86626455782084,0.026410,0.034125,0.031751
235.88207230522633,0.025668,0.033234,0.031306
235.89788005263182,0.025668,0.033234,0.031306
235.9136878000373,0.024926,0.032344,0.029822
235.9294955474428,0.024926,0.032344,0.029822
235.9453032948483,0.024332,0.031454,0.029674
235.96111104225378,0.024332,0.031454,0.029674
235.9769187896593,0.023591,0.030564,0.028487
235.99272653706475,0.023591,0.030564,0.028487
236.00853428447027,0.023145,0.029674,0.027300
236.02434203187576,0.023145,0.029674,0.027300
236.04014977928125,0.022404,0.028783,0.027300
236.05595752668674,0.022404,0.028783,0.027300
236.07176527409223,0.021662,0.028190,0.025964
236.08757302149772,0.021662,0.028190,0.025964
236.1033807689032,0.021217,0.027448,0.024778
236.1191885163087,0.021217,0.027448,0.024778
236.13499626371419,0.020623,0.026706,0.025519
236.15080401111967,0.020623,0.026706,0.025519
236.16661175852516,0.020178,0.025964,0.024926
236.18241950593065,0.020178,0.025964,0.024926
236.19822725333614,0.019585,0.025074,0.024036
236.21403500074163,0.019585,0.025074,0.024036
236.22984274814712,0.019140,0.024332,0.023294
236.2456504955526,0.019140,0.024332,0.023294
236.2614582429581,0.018398,0.023739,0.021513
236.2772659903636,0.018398,0.023739,0.021513
236.29307373776908,0.018101,0.023145,0.021959
236.30888148517457,0.018101,0.023145,0.021959
236.32468923258006,0.017508,0.022404,0.021365
236.34049697998555,0.017508,0.022404,0.021365
236.35630472739103,0.017211,0.021662,0.019585
236.37211247479655,0.017211,0.021662,0.019585
236.387920222202,0.016617,0.021068,0.018991
236.40372796960753,0.016617,0.021068,0.018991
236.41953571701302,0.016172,0.020475,0.019288
236.4353434644185,0.016172,0.020475,0.019288
236.451151211824,0.015727,0.019881,0.017804
236.4669589592295,0.015727,0.019881,0.017804
236.48276670663498,0.015134,0.019140,0.017062
236.49857445404047,0.015134,0.019140,0.017062
236.51438220144595,0.014689,0.018694,0.016617
236.53018994885144,0.014689,0.018694,0.016617
236.54599769625693,0.014392,0.018101,0.016172
236.56180544366242,0.014392,0.018101,0.016172
236.5776131910679,0.013947,0.017508,0.015282
236.5934209384734,0.013947,0.017508,0.015282
236.6092286858789,0.013650,0.016914,0.015430
236.62503643328438,0.013650,0.016914,0.015430
236.64084418068987,0.012908,0.016321,0.014689
236.65665192809536,0.012908,0.016321,0.014689
236.67245967550085,0.012611,0.015875,0.014243
236.68826742290634,0.012611,0.015875,0.014243
236.70407517031182,0.012315,0.015430,0.013947
236.7198829177173,0.012315,0.015430,0.013947
236.73569066512283,0.012018,0.014837,0.013353
236.7514984125283,0.012018,0.014837,0.013353
236.7673061599338,0.011573,0.014392,0.012463
236.7831139073393,0.011573,0.014392,0.012463
236.7989216547448,0.011276,0.013947,0.012463
236.81472940215028,0.011276,0.013947,0.012463
236.83053714955577,,0.013502,0.011276
236.84634489696126,,0.013502,0.011276
236.86215264436674,,0.013056,0.010979
236.87796039177223,,0.013056,0.010979
236.89376813917772,,0.012611,0.011721
236.9095758865832,,0.012611,0.011721
236.9253836339887,,0.012166,0.011573
236.9411913813942,,0.012166,0.011573
236.95699912879968,,0.011870,0.010683
236.97280687620517,,0.011870,0.010683
236.98861462361066,,0.011424,0.010238
237.00442237101615,,0.011424,0.010238
237.02023011842164,,0.010979,
237.03603786582713,,0.010979,
237.05184561323262,,0.010534,0.009199
237.0676533606381,,0.010534,0.009199
237.0834611080436,,0.010238,0.008605
237.09926885544908,,0.010238,0.008605
237.11507660285457,,0.009941,0.009199
237.1308843502601,,0.009941,0.009199
237.14669209766555,,0.009644,0.008012
237.16249984507107,,0.009644,0.008012
237.17830759247656,,0.009347,
237.19411533988205,,0.009347,
237.20992308728754,0.009496,0.008902,0.008012
237.22573083469302,0.009496,0.008902,0.008012
237.2415385820985,0.009199,0.008754,
237.257346329504,0.009199,0.008754,
237.2731540769095,0.008902,0.008457,0.006825
237.28896182431498,0.008902,0.008457,0.006825
237.30476957172047,0.008754,0.008012,0.007419
237.32057731912596,0.008754,0.008012,0.007419
237.33638506653145,0.008457,0.007715,
237.35219281393694,0.008457,0.007715,
237.36800056134243,0.008309,0.007567,0.006528
237.38380830874792,0.008309,0.007567,0.006528
237.3996160561534,0.008012,0.007122,0.006380
237.4154238035589,0.008012,0.007122,0.006380
237.43123155096438,0.007715,0.006973,0.006083
237.44703929836987,0.007715,0.006973,0.006083
237.46284704577536,0.007715,0.006677,0.005786
237.47865479318085,0.007715,0.006677,0.005786
237.49446254058637,0.007567,0.006677,
237.51027028799183,0.007567,0.006677,
237.52607803539735,0.007270,0.006232,0.005786
237.54188578280284,0.007270,0.006232,0.005786
237.55769353020833,0.007122,0.006083,0.005193
237.57350127761381,0.007122,0.006083,0.005193
237.5893090250193,0.007122,0.005786,0.005045
237.6051167724248,0.007122,0.005786,0.005045
237.62092451983028,0.006973,0.005786,0.005341
237.63673226723577,0.006973,0.005786,0.005341
237.65254001464126,0.006677,0.005490,0.004303
237.66834776204675,0.006677,0.005490,0.004303
237.68415550945224,0.006677,0.005341,0.004303
237.69996325685773,0.006677,0.005341,0.004303
237.71577100426322,0.006677,0.005045,
237.7315787516687,0.006677,0.005045,
237.7473864990742,0.006380,0.004896,0.004451
237.76319424647969,0.006380,0.004896,0.004451
237.77900199388517,0.006380,0.004748,
237.79480974129066,0.006380,0.004748,
237.81061748869615,0.006232,0.004451,0.004154
237.82642523610164,0.006232,0.004451,0.004154
237.84223298350713,0.006083,0.004451,0.004154
237.85804073091262,0.006083,0.004451,0.004154
237.8738484783181,0.006083,0.004303,0.003858
237.88965622572363,0.006083,0.004303,0.003858
237.9054639731291,0.005786,0.004154,0.003561
237.9212717205346,0.005786,0.004154,0.003561
237.9370794679401,0.005786,0.004006,0.003561
237.95288721534558,0.005786,0.004006,0.003561
237.96869496275107,0.005786,0.003858,0.003116
237.98450271015656,0.005786,0.003858,0.003116
238.00031045756205,0.005638,0.003561,0.002671
238.01611820496754,0.005638,0.003561,0.002671
238.03192595237303,0.005490,0.003561,0.002819
238.04773369977852,0.005490,0.003561,0.002819
238.063541447184,0.005490,0.003561,0.003264
238.0793491945895,0.005490,0.003561,0.003264
238.095156941995,0.005490,0.003264,0.002819
238.11096468940048,0.005490,0.003264,0.002819
238.12677243680596,0.005341,0.003264,0.002671
238.14258018421145,0.005341,0.003264,0.002671
238.15838793161694,0.005193,0.003116,0.001781
238.17419567902243,0.005193,0.003116,0.001781
238.19000342642792,0.005193,0.002967,0.002671
238.2058111738334,0.005193,0.002967,0.002671
238.2216189212389,0.005045,0.002967,0.002226
238.2374266686444,0.005045,0.002967,0.002226
238.2532344160499,0.004896,,
238.26904216345537,0.004896,,
238.28484991086088,0.004896,0.002671,0.002374
238.30065765826637,0.004896,0.002671,0.002374
238.31646540567186,0.004896,0.002671,0.002077
238.33227315307735,0.004896,0.002671,0.002077
238.34808090048284,0.004896,0.002671,0.002077
238.36388864788833,0.004896,0.002671,0.002077
238.37969639529382,0.004748,,0.002077
238.3955041426993,0.004748,,0.002077
238.4113118901048,0.004748,0.002374,0.002077
238.4271196375103,0.004748,0.002374,0.002077
238.44292738491578,0.004600,0.002374,0.000890
238.45873513232127,0.004600,0.002374,0.000890
238.47454287972676,0.004600,0.002374,
238.49035062713224,0.004600,0.002374,
238.50615837453773,0.004600,0.002226,0.001632
238.52196612194322,0.004600,0.002226,0.001632
238.5377738693487,0.004451,0.002077,0.001781
238.5535816167542,0.004451,0.002077,0.001781
238.5693893641597,0.004451,0.002077,0.001484
238.58519711156518,0.004451,0.002077,0.001484
238.60100485897067,0.004303,,0.001187
238.61681260637616,0.004303,,0.001187
238.63262035378165,0.004303,,0.000890
238.64842810118716,0.004303,,0.000890
238.66423584859263,0.004303,0.001781,0.000890
238.68004359599814,0.004303,0.001781,0.000890
238.69585134340363,0.004154,0.001781,0.001484
238.71165909080912,0.004154,0.001781,0.001484
238.7274668382146,0.004006,0.001781,0.001484
238.7432745856201,0.004006,0.001781,0.001484
238.7590823330256,0.004006,0.001781,0.001484
238.77489008043108,0.004006,0.001781,0.001484
238.79069782783657,0.004006,,0.001039
238.80650557524206,0.004006,,0.001039
238.82231332264755,0.004006,,0.001039
238.83812107005303,0.004006,,0.001039
238.85392881745852,0.004006,,0.000890
238.869736564864,0.004006,,0.000890
238.8855443122695,0.004006,,0.001187
238.901352059675,0.004006,,0.001187
238.91715980708048,0.003858,,0.000594
238.93296755448597,0.003858,,0.000594
238.94877530189146,0.003858,0.001484,0.001187
238.96458304929695,0.003858,0.001484,0.001187
238.98039079670244,0.003709,0.001484,0.000742
238.99619854410793,0.003709,0.001484,0.000742
239.01200629151344,0.003709,0.001484,0.000297
239.0278140389189,0.003709,0.001484,0.000297
239.04362178632442,0.003709,0.001484,
239.0594295337299,0.003709,0.001484,
239.0752372811354,0.003709,,
239.0910450285409,0.003709,,
239.10685277594638,0.003561,0.001187,0.000890
239.12266052335187,0.003561,0.001187,0.000890
239.13846827075736,0.003561,0.001187,0.000742
239.15427601816285,0.003561,0.001187,0.000742
239.17008376556834,0.003413,0.001187,0.000742
239.18589151297383,0.003413,0.001187,0.000742
239.2016992603793,0.003413,,0.000594
239.2175070077848,0.003413,,0.000594
239.2333147551903,0.003413,,0.000890
239.24912250259578,0.003413,,0.000890
239.26493025000127,0.003413,,0.000594
239.28073799740676,0.003413,,0.000594
239.29654574481225,0.003413,,0.000890
239.31235349221774,0.003413,,0.000890
239.32816123962323,0.003264,,0.000890
239.34396898702872,0.003264,,0.000890
239.3597767344342,0.003264,,0.000890
239.37558448183972,0.003264,,0.000890
239.39139222924518,0.003264,,0.000890
239.4071999766507,0.003264,,0.000890
239.4230077240562,0.003116,,0.000445
239.43881547146168,0.003116,,0.000445
239.45462321886717,0.003116,,
239.47043096627266,0.003116,,
239.48623871367815,0.003116,,
239.50204646108364,0.003116,,
239.51785420848913,0.003116,,-0.000297
239.53366195589462,0.003116,,-0.000297
239.5494697033001,0.003116,,0.000594
239.5652774507056,0.003116,,0.000594
239.58108519811108,0.003116,,0.000594
239.59689294551657,0.003116,,0.000594
239.61270069292206,0.003116,,0.000594
239.62850844032755,0.003116,,0.000594
239.64431618773304,0.002967,,0.000594
239.66012393513853,0.002967,,0.000594
239.67593168254402,0.002967,,0.000594
239.6917394299495,0.002967,,0.000594
239.707547177355,0.002967,,0.000000
239.72335492476049,0.002967,,0.000000
239.73916267216597,0.002967,,0.000297
239.75497041957146,0.002967,,0.000297
239.77077816697698,0.002819,,0.000148
239.78658591438244,0.002819,,0.000148
239.80239366178796,0.002819,,0.000594
239.81820140919345,0.002819,,0.000594
239.83400915659894,0.002819,,0.000594
239.84981690400443,0.002819,,0.000594
239.86562465140992,0.002819,,0.000594
239.8814323988154,0.002819,,0.000594
239.8972401462209,0.002819,,0.000594
239.91304789362638,0.002819,,0.000594
239.92885564103187,0.002671,,0.000148
239.94466338843736,0.002671,,0.000148
239.96047113584285,0.002671,,0.000594
239.97627888324834,0.002671,,0.000594
239.99208663065383,0.002671,,0.000594
240.00789437805932,0.002671,,0.000594
240.0237021254648,0.002671,,0.000445
240.0395098728703,0.002671,,0.000445
240.0553176202758,0.002522,,0.000445
240.07112536768128,0.002522,,0.000445
240.08693311508677,0.002522,,0.000445
240.10274086249225,0.002522,,0.000445
240.11854860989774,0.002522,,0.000445
240.13435635730326,0.002522,,0.000445
240.15016410470872,0.002522,,0.000297
240.16597185211424,0.002522,,0.000297
240.18177959951973,0.002522,,0.000297
240.19758734692522,0.002522,,0.000297
240.2133950943307,0.002522,,0.000000
240.2292028417362,0.002522,,0.000000
240.24501058914169,0.002522,,0.000594
240.26081833654717,0.002522,,0.000594
240.27662608395266,0.002374,,0.000594
240.29243383135815,0.002374,,0.000594
240.30824157876364,0.002374,,0.000297
240.32404932616913,0.002374,,0.000297
240.33985707357462,0.002374,,0.000148
240.3556648209801,0.002374,,0.000148
240.3714725683856,0.002374,,0.000297
240.3872803157911,0.002374,,0.000297
240.40308806319658,0.002374,,0.000297
240.41889581060207,0.002374,,0.000297
240.43470355800756,0.002226,,0.000297
240.45051130541304,0.002226,,0.000297
240.46631905281853,0.002226,,0.000297
240.48212680022402,0.002226,,0.000297
240.4979345476295,0.002226,,0.000594
240.513742295035,0.002226,,0.000594
240.52955004244052,0.002226,,0.000445
240.54535778984598,0.002226,,0.000445
240.5611655372515,0.002226,,0.000297
240.576973284657,0.002226,,0.000297
240.59278103206248,0.002226,,0.000594
240.60858877946796,0.002226,,0.000594
240.62439652687345,0.002226,,0.000445
240.64020427427894,0.002226,,0.000445
240.65601202168443,0.002226,,0.000148
240.67181976908992,0.002226,,0.000148
240.6876275164954,0.002226,,0.000297
240.7034352639009,0.002226,,0.000297
240.7192430113064,0.002226,,0.000594
240.73505075871188,0.002226,,0.000594
240.75085850611737,0.002226,,0.000445
240.76666625352286,0.002226,,0.000445
240.78247400092835,0.002077,,0.000445
240.79828174833384,0.002077,,0.000445
240.81408949573932,0.002077,,0.000445
240.8298972431448,0.002077,,0.000445
240.8457049905503,0.002077,,0.000445
240.8615127379558,0.002077,,0.000445
240.87732048536128,0.002077,,0.000445
240.8931282327668,0.002077,,0.000445
240.90893598017226,0.002077,,0.000445
240.92474372757778,0.002077,,0.000445
240.94055147498327,0.002077,,0.000297
240.95635922238876,0.002077,,0.000297
240.97216696979424,0.001929,,0.000297
240.98797471719973,0.001929,,0.000297
241.00378246460522,0.001929,,0.000297
241.0195902120107,0.001929,,0.000297
241.0353979594162,0.001929,,0.000297
241.0512057068217,0.001929,,0.000297
241.06701345422718,0.001929,,0.000297
241.08282120163267,0.001929,,0.000297
241.09862894903816,0.001929,,0.000297
241.11443669644365,0.001929,,0.000297
241.13024444384914,0.001929,,0.000297
241.14605219125463,0.001929,,0.000297
241.16185993866011,0.001929,,-0.000148
241.1776676860656,0.001929,,-0.000148
241.1934754334711,0.001929,,0.000297
241.20928318087658,0.001929,,0.000297
241.22509092828207,0.001929,,0.000445
241.24089867568756,0.001929,,0.000445
241.25670642309305,0.001929,,0.000445
241.27251417049854,0.001929,,0.000445
241.28832191790406,0.001929,,0.000445
241.30412966530952,0.001929,,0.000445
241.31993741271503,0.001781,,0.000445
241.33574516012052,0.001781,,0.000445
241.351552907526,0.001781,,0.000445
241.3673606549315,0.001781,,0.000445
241.383168402337,0.001781,,0.000445
241.39897614974248,0.001781,,0.000445
241.41478389714797,0.001632,,0.000445
241.43059164455346,0.001632,,0.000445
241.44639939195895,0.001632,,0.000445
241.46220713936444,0.001632,,0.000445
241.47801488676993,0.001632,,0.000445
241.49382263417542,0.001632,,0.000445
241.5096303815809,0.001632,,0.000445
241.5254381289864,0.001632,,0.000445
241.54124587639188,0.001632,,0.000445
241.55705362379737,0.001632,,0.000445
241.57286137120286,0.001632,,0.000445
241.58866911860835,0.001632,,0.000445
241.60447686601384,0.001632,,0.000445
241.62028461341933,0.001632,,0.000445
241.63609236082482,0.001632,,0.000445
241.65190010823034,0.001632,,0.000445
241.6677078556358,0.001632,,0.000445
241.68351560304131,0.001632,,0.000445
241.6993233504468,0.001632,,0.000445
241.7151310978523,0.001632,,0.000445
241.73093884525778,0.001632,,0.000445
241.74674659266327,0.001632,,0.000445
241.76255434006876,0.001632,,0.000445
241.77836208747425,0.001632,,0.000445
241.79416983487974,0.001484,,0.000445
241.80997758228523,0.001484,,0.000445
241.82578532969072,0.001484,,0.000445
241.8415930770962,0.001484,,0.000445
241.8574008245017,0.001484,,0.000445
241.87320857190718,0.001484,,0.000445
241.88901631931267,0.001484,,0.000445
241.90482406671816,0.001484,,0.000445
241.92063181412365,0.001484,,0.000445
241.93643956152914,0.001484,,0.000445
241.95224730893463,0.001484,,0.000445
241.96805505634012,0.001484,,0.000445
241.9838628037456,0.001484,,0.000445
241.9996705511511,0.001484,,0.000445
242.01547829855662,0.001484,,0.000445
242.03128604596208,0.001484,,0.000445
242.0470937933676,0.001484,,0.000297
242.06290154077308,0.001484,,0.000297
242.07870928817857,0.001484,,0.000297
242.09451703558406,0.001484,,0.000297
242.11032478298955,0.001484,,0.000297
242.12613253039504,0.001484,,0.000297
242.14194027780053,0.001484,,0.000297
242.15774802520602,0.001484,,0.000297
242.1735557726115,0.001484,,0.000297
242.189363520017,0.001484,,0.000297
242.2051712674225,0.001484,,0.000297
242.22097901482798,0.001484,,0.000297
242.23678676223346,0.001484,,0.000297
242.25259450963895,0.001484,,0.000297
242.26840225704444,0.001335,,0.000000
242.28421000444993,0.001335,,0.000000
242.30001775185542,0.001335,,0.000297
242.3158254992609,0.001335,,0.000297
242.3316332466664,0.001335,,0.000297
242.3474409940719,0.001335,,0.000297
242.36324874147738,0.001335,,0.000297
242.37905648888287,0.001335,,0.000297
242.39486423628836,0.001335,,0.000297
242.41067198369387,0.001335,,0.000297
242.42647973109933,0.001335,,0.000297
242.44228747850485,0.001335,,0.000297
242.45809522591034,0.001335,,0.000297
242.47390297331583,0.001335,,0.000297
242.48971072072132,0.001335,,0.000297
242.5055184681268,0.001335,,0.000297
242.5213262155323,0.001335,,0.000297
242.5371339629378,0.001335,,0.000297
242.55294171034328,0.001335,,0.000297
242.56874945774877,0.001335,,0.000297
242.58455720515425,0.001335,,0.000297
242.60036495255974,0.001335,,0.000297
242.61617269996523,0.001335,,0.000297
242.63198044737072,0.001335,,0.000297
242.6477881947762,0.001335,,0.000297
242.6635959421817,0.001335,,0.000297
242.6794036895872,0.001335,,0.000297
242.69521143699268,0.001335,,0.000297
242.71101918439817,0.001335,,0.000297
242.72682693180366,0.001335,,0.000297
242.74263467920915,0.001335,,0.000297
242.75844242661464,0.001335,,0.000297
242.77425017402015,0.001187,,0.000297
242.7900579214256,0.001187,,0.000297
242.80586566883113,0.001187,,0.000297
242.82167341623662,0.001187,,0.000297
242.8374811636421,0.001187,,0.000297
242.8532889110476,0.001187,,0.000297
242.8690966584531,0.001187,,0.000297
242.88490440585858,0.001187,,0.000297
242.90071215326407,0.001187,,0.000297
242.91651990066956,0.001187,,0.000297
242.93232764807505,0.001187,,0.000297
242.94813539548053,0.001187,,0.000297
242.96394314288602,0.001187,,0.000297
242.9797508902915,0.001187,,0.000297
242.995558637697,0.001187,,0.000297
243.0113663851025,0.001187,,0.000297
243.02717413250798,0.001187,,0.000297
243.04298187991347,0.001187,,0.000297
243.05878962731896,0.001187,,0.000297
243.07459737472445,0.001187,,0.000297
243.09040512212994,0.001187,,0.000297
243.10621286953543,0.001187,,0.000297
243.12202061694092,0.001187,,0.000297
243.1378283643464,0.001187,,0.000297
243.1536361117519,0.001187,,0.000297
243.1694438591574,0.001187,,0.000297
243.18525160656287,0.001187,,0.000297
243.2010593539684,0.001187,,0.000297
243.21686710137388,0.001187,,0.000297
243.23267484877937,0.001187,,0.000297
243.24848259618486,0.001187,,0.000297
243.26429034359035,0.001187,,0.000297
243.28009809099584,0.001187,,0.000297
243.29590583840132,0.001187,,0.000297
243.3117135858068,0.001187,,0.000297
243.3275213332123,0.001187,,0.000297
243.3433290806178,0.001187,,0.000297
243.35913682802328,0.001187,,0.000297
243.37494457542877,0.001187,,0.000297
243.39075232283426,0.001187,,0.000297
243.40656007023975,0.001187,,0.000297
243.42236781764524,0.001187,,0.000297
243.43817556505073,0.001187,,0.000297
243.45398331245622,0.001187,,0.000297
243.4697910598617,0.001187,,0.000297
243.4855988072672,0.001187,,0.000297
243.50140655467268,0.001187,,0.000297
243.51721430207817,0.001187,,0.000297
243.5330220494837,0.001187,,0.000297
243.54882979688915,0.001187,,0.000297
243.56463754429467,0.001187,,0.000297
243.58044529170016,0.001187,,0.000297
243.59625303910565,0.001187,,0.000297
243.61206078651114,0.001187,,0.000297
243.62786853391663,0.001187,,0.000297
243.64367628132212,0.001187,,0.000297
243.6594840287276,0.001187,,0.000297
243.6752917761331,0.001187,,0.000297
243.69109952353858,0.001187,,0.000297
243.70690727094407,0.001187,,0.000297
243.72271501834956,0.001187,,0.000297
243.73852276575505,0.001187,,0.000297
243.75433051316054,0.001187,,0.000297
243.77013826056603,0.001187,,0.000297
243.78594600797152,0.001187,,0.000297
243.801753755377,0.001187,,0.000297
243.8175615027825,0.001187,,0.000297
243.83336925018799,0.001187,,0.000297
243.84917699759347,0.001187,,0.000297
243.86498474499896,0.001187,,0.000297
243.88079249240445,0.001187,,0.000297
243.89660023980994,0.001187,,0.000297
243.91240798721543,0.001187,,0.000297
243.92821573462095,0.001187,,0.000297
243.9440234820264,0.001187,,0.000297
243.95983122943193,0.001187,,0.000297
243.97563897683742,0.001187,,0.000297
243.9914467242429,0.001187,,0.000297
244.0072544716484,0.001187,,0.000297
244.02306221905388,0.001187,,0.000297
244.03886996645937,0.001187,,0.000297
244.05467771386486,0.001187,,0.000297
244.07048546127035,0.001187,,0.000297
244.08629320867584,0.001187,,0.000297
244.10210095608133,0.001187,,0.000297
244.11790870348682,0.001187,,0.000297
244.1337164508923,0.001187,,0.000297
244.1495241982978,0.001187,,0.000297
244.1653319457033,0.001187,,0.000000
244.18113969310878,0.001187,,0.000000
244.19694744051426,0.001187,,0.000000
244.21275518791975,0.001187,,0.000000
244.22856293532524,0.001187,,0.000297
244.24437068273073,0.001187,,0.000297
244.26017843013622,0.001187,,0.000297
244.2759861775417,0.001187,,0.000297
244.29179392494723,0.001187,,0.000297
244.3076016723527,0.001187,,0.000297
244.3234094197582,0.001187,,0.000297
244.3392171671637,0.001187,,0.000297
244.35502491456919,0.001187,,0.000297
244.37083266197467,0.001187,,0.000297
244.38664040938016,0.001187,,0.000297
244.40244815678565,0.001187,,0.000297
244.41825590419114,0.001187,,0.000297
244.43406365159663,0.001187,,0.000297
244.44987139900212,0.001187,,0.000297
244.4656791464076,0.001187,,0.000297
244.4814868938131,0.001187,,0.000297
244.4972946412186,0.001187,,0.000297
244.51310238862408,0.001187,,0.000297
244.52891013602957,0.001187,,0.000297
244.54471788343506,0.001039,,0.000297
244.56052563084054,0.001039,,0.000297
244.57633337824603,0.001039,,0.000297
244.59214112565152,0.001039,,0.000297
244.607948873057,0.001039,,0.000297
244.6237566204625,0.001039,,0.000297
244.639564367868,0.001039,,0.000297
244.65537211527348,0.001039,,0.000297
244.67117986267897,0.001039,,0.000297
244.6869876100845,0.001039,,0.000297
244.70279535748995,0.001039,,0.000445
244.71860310489546,0.001039,,0.000445
244.73441085230095,0.001039,,0.000445
244.75021859970644,0.001039,,0.000445
244.76602634711193,0.001039,,0.000445
244.78183409451742,0.001039,,0.000445
244.7976418419229,0.001039,,0.000445
244.8134495893284,0.001039,,0.000445
244.8292573367339,0.001039,,0.000445
244.84506508413938,0.001039,,0.000445
244.86087283154487,0.001039,,0.000445
244.87668057895036,0.001039,,0.000445
244.89248832635585,0.001039,,0.000445
244.90829607376133,0.001039,,0.000445
244.92410382116682,0.001039,,0.000445
244.9399115685723,0.001039,,0.000445
244.9557193159778,0.001039,,0.000445
244.9715270633833,0.001039,,0.000445
244.98733481078878,0.001039,,0.000445
245.00314255819427,0.001039,,0.000445
245.01895030559976,0.001039,,0.000445
245.03475805300525,0.001039,,0.000445
245.05056580041077,0.001039,,0.000445
245.06637354781623,0.001039,,0.000445
245.08218129522174,0.001039,,0.000445
245.09798904262723,0.001039,,0.000445
245.11379679003272,0.001039,,0.000445
245.1296045374382,0.001039,,0.000445
245.1454122848437,0.001039,,0.000445
245.1612200322492,0.001039,,0.000445
245.17702777965468,0.001039,,0.000445
245.19283552706017,0.001039,,0.000445
245.20864327446566,0.001039,,0.000445
245.22445102187115,0.001039,,0.000445
245.24025876927664,0.001039,,0.000445
245.25606651668213,0.001039,,0.000445
245.27187426408761,0.001039,,0.000297
245.2876820114931,0.001039,,0.000297
245.3034897588986,0.001039,,0.000297
245.31929750630408,0.001039,,0.000297
245.33510525370957,0.001039,,0.000445
245.35091300111506,0.001039,,0.000445
245.36672074852055,0.001039,,0.000445
245.38252849592604,0.001039,,0.000445
245.39833624333153,0.001039,,0.000445
245.41414399073705,0.001039,,0.000445
245.4299517381425,0.001039,,0.000445
245.44575948554802,0.001039,,0.000445
245.4615672329535,0.000890,,0.000445
245.477374980359,0.000890,,0.000445
245.4931827277645,0.000890,,0.000445
245.50899047516998,0.000890,,0.000445
245.52479822257547,0.000890,,0.000445
245.54060596998096,0.000890,,0.000445
245.55641371738645,0.000890,,0.000445
245.57222146479194,0.000890,,0.000445
245.58802921219743,0.000890,,0.000445
245.60383695960292,0.000890,,0.000445
245.6196447070084,0.000890,,0.000445
245.6354524544139,0.000890,,0.000445
245.65126020181938,0.000890,,0.000445
245.66706794922487,0.000890,,0.000445
245.68287569663036,0.000890,,0.000445
245.69868344403585,0.000890,,0.000445
245.71449119144134,0.000890,,0.000445
245.73029893884683,0.000890,,0.000445
245.74610668625232,0.000890,,0.000445
245.7619144336578,0.000890,,0.000445
245.7777221810633,0.000890,,0.000445
245.79352992846879,0.000890,,0.000445
245.8093376758743,0.000890,,0.000445
245.82514542327976,0.000890,,0.000445
245.84095317068528,0.000890,,0.000445
245.85676091809077,0.000890,,0.000445
245.87256866549626,0.000890,,0.000445
245.88837641290175,0.000890,,0.000445
245.90418416030724,0.000890,,0.000445
245.91999190771273,0.000890,,0.000445
245.93579965511822,0.000890,,0.000445
245.9516074025237,0.000890,,0.000445
245.9674151499292,0.000890,,0.000445
245.98322289733468,0.000890,,0.000445
245.99903064474017,0.000890,,0.000445
246.01483839214566,0.000890,,0.000445
246.03064613955115,0.000890,,0.000297
246.04645388695664,0.000890,,0.000297
246.06226163436213,0.000890,,0.000297
246.07806938176762,0.000890,,0.000297
246.0938771291731,0.000890,,0.000000
246.1096848765786,0.000890,,0.000000
246.1254926239841,0.000890,,0.000297
246.14130037138958,0.000890,,0.000297
246.15710811879507,0.000890,,0.000445
246.17291586620058,0.000890,,0.000445
246.18872361360604,0.000890,,0.000445
246.20453136101156,0.000890,,0.000445
246.22033910841705,0.000890,,0.000445
246.23614685582254,0.000890,,0.000445
246.25195460322803,0.000890,,0.000297
246.26776235063352,0.000890,,0.000297
246.283570098039,0.000890,,0.000445
246.2993778454445,0.000890,,0.000445
246.31518559284999,0.000890,,0.000445
246.33099334025547,0.000890,,0.000445
246.34680108766096,0.000890,,0.000445
246.36260883506645,0.000890,,0.000445
246.37841658247194,0.000890,,0.000445
246.39422432987743,0.000890,,0.000445
246.41003207728292,0.000890,,0.000445
246.4258398246884,0.000890,,0.000445
246.4416475720939,0.000890,,0.000445
246.4574553194994,0.000890,,0.000445
246.47326306690488,0.000890,,0.000445
246.48907081431037,0.000890,,0.000445
246.50487856171586,0.000890,,0.000445
246.52068630912134,0.000890,,0.000445
246.53649405652683,0.000890,,0.000445
246.55230180393232,0.000890,,0.000445
246.56810955133784,0.000890,,0.000445
246.5839172987433,0.000890,,0.000445
246.59972504614882,0.000890,,0.000445
246.6155327935543,0.000890,,0.000445
246.6313405409598,0.000890,,0.000445
246.6471482883653,0.000890,,0.000445
246.66295603577078,0.000890,,0.000297
246.67876378317627,0.000890,,0.000297
246.69457153058175,0.000890,,0.000297
246.71037927798724,0.000890,,0.000297
246.72618702539273,0.000890,,0.000297
246.74199477279822,0.000890,,0.000297
246.7578025202037,0.000890,,0.000297
246.7736102676092,0.000890,,0.000297
246.7894180150147,0.000890,,0.000297
246.80522576242018,0.000890,,0.000297
246.82103350982567,0.000890,,0.000297
246.83684125723116,0.000890,,0.000297
246.85264900463665,0.000890,,0.000297
246.86845675204214,0.000890,,0.000297
246.88426449944762,0.000890,,0.000297
246.9000722468531,0.000890,,0.000297
246.9158799942586,0.000890,,0.000297
246.93168774166412,0.000890,,0.000297
246.94749548906958,0.000890,,0.000297
246.9633032364751,0.000890,,0.000297
246.9791109838806,0.000890,,0.000297
246.99491873128608,0.000890,,0.000297
247.01072647869157,0.000890,,0.000297
247.02653422609706,0.000890,,0.000297
247.04234197350254,0.000890,,0.000297
247.05814972090803,0.000890,,0.000297
247.07395746831352,0.000890,,0.000000
247.089765215719,0.000890,,0.000000
247.1055729631245,0.000890,,0.000000
247.12138071053,0.000890,,0.000000
247.13718845793548,0.000890,,0.000297
247.15299620534097,0.000890,,0.000297
247.16880395274646,0.000890,,0.000297
247.18461170015195,0.000890,,0.000297
247.20041944755744,0.000890,,0.000297
247.21622719496293,0.000890,,0.000297
247.23203494236841,0.000890,,0.000297
247.2478426897739,0.000890,,0.000297
247.2636504371794,0.000890,,0.000297
247.27945818458488,0.000890,,0.000297
247.29526593199037,0.000890,,0.000297
247.31107367939586,0.000890,,0.000297
247.32688142680138,0.000890,,0.000297
247.34268917420684,0.000890,,0.000297
247.35849692161236,0.000890,,0.000148
247.37430466901785,0.000890,,0.000148
247.39011241642334,0.000890,,0.000297
247.40592016382882,0.000890,,0.000297
247.4217279112343,0.000890,,0.000297
247.4375356586398,0.000890,,0.000297
247.4533434060453,0.000890,,0.000297
247.46915115345078,0.000890,,0.000297
247.48495890085627,0.000890,,0.000297
247.50076664826176,0.000890,,0.000297
247.51657439566725,0.000890,,0.000297
247.53238214307274,0.000890,,0.000297
247.54818989047823,0.000890,,-0.000148
247.56399763788372,0.000890,,-0.000148
247.5798053852892,0.000890,,0.000148
247.5956131326947,0.000890,,0.000148
247.61142088010018,0.000890,,0.000000
247.62722862750567,0.000890,,0.000000
247.64303637491116,0.000890,,-0.000148
247.65884412231665,0.000890,,-0.000148
247.67465186972214,0.000890,,0.000148
247.69045961712766,0.000890,,0.000148
